id,_type,_from,messageID,commentContent,date,isRead,user_id
3,thumbsUp,love,13,,2019-09-23 03:15:50.597,0,1
4,thumbsUp,love,13,,2019-09-23 03:15:51.674,0,1
5,thumbsUp,love,1,,2019-09-23 03:16:06.853,1,1
6,thumbsUp,love,1,,2019-09-23 03:16:07.684,1,1
7,comment,love,7,hei,2019-09-23 03:18:03.044,0,1
8,comment,love,7,Hey,2019-09-23 03:48:46.105,1,1
9,thumbsUp,love,7,,2019-09-23 03:53:42.957,1,1
10,thumbsUp,love,7,,2019-09-23 03:53:46.797,1,1
11,comment,article,2,微信小程序,2019-10-20 08:10:26.342,1,1
12,comment,article,2,mini program,2019-10-20 08:11:58.124,1,1
13,comment,article,2,mini,2019-10-20 08:25:19.675,1,1
14,comment,article,2,mini,2019-10-20 08:25:46.863,1,1
15,comment,article,2,mmm,2019-10-20 08:36:00.129,1,1
16,comment,article,2,111,2019-10-20 08:39:07.220,1,1
17,comment,article,2,222,2019-10-20 08:42:18.714,1,1
18,comment,article,2,333,2019-10-20 08:47:11.844,1,1
19,comment,article,2,mini program,2019-10-20 08:53:52.304,1,1
20,comment,help,1,+1,2019-10-20 09:08:24.253,1,1
21,comment,help,1,打他,2019-10-20 09:09:48.098,1,1
22,comment,deal,4,emmmm,2019-10-20 12:43:13.877,1,1
23,comment,lose,3,加油,2019-10-20 12:47:22.516,1,1
24,thumbsUp,love,13,,2019-10-20 13:51:42.638,1,1
25,thumbsUp,love,13,,2019-10-20 13:52:35.890,1,1
26,thumbsUp,love,13,,2019-10-20 13:53:48.187,1,1
27,thumbsUp,love,13,,2019-10-20 13:54:06.405,1,1
28,thumbsUp,love,13,,2019-10-20 13:54:26.951,1,1
29,thumbsUp,love,13,,2019-10-20 13:55:38.028,1,1
30,thumbsUp,love,13,,2019-10-20 13:55:52.261,1,1
31,thumbsUp,love,13,,2019-10-20 13:55:54.796,1,1
32,thumbsUp,love,13,,2019-10-20 13:56:20.011,1,1
33,thumbsUp,love,13,,2019-10-20 13:56:22.455,1,1
34,thumbsUp,love,13,,2019-10-20 13:57:02.855,1,1
35,thumbsUp,love,13,,2019-10-20 13:57:07.215,1,1
36,thumbsUp,love,13,,2019-10-20 13:58:58.212,1,1
37,thumbsUp,love,13,,2019-10-20 13:59:22.398,1,1
38,comment,love,13,nice,2019-10-20 14:19:40.609,1,1
39,comment,article,2,test count,2019-10-27 03:17:11.213,1,1
40,comment,article,2,test,2019-10-31 13:55:37.083,1,1
41,comment,article,2,ttt,2019-10-31 14:04:04.552,1,1
42,comment,article,2,aaa,2019-10-31 14:06:35.198,1,1
43,thumbsUp,love,7,,2020-02-28 00:23:06.628,1,30
44,thumbsUp,love,3,,2020-04-11 20:20:57.985,1,84
45,thumbsUp,article,8,,2020-06-15 11:05:24.817,1,1
46,thumbsUp,love,14,,2020-07-01 13:19:09.319,0,28
47,comment,lose,3,希望早日找到,2020-12-01 04:35:20.707,1,1
48,comment,article,24,不错,2020-12-06 08:45:35.149,0,1
49,thumbsUp,article,24,,2020-12-06 08:45:37.431,0,1
50,thumbsUp,article,24,,2020-12-06 09:52:47.541,0,1
51,thumbsUp,article,24,,2020-12-06 09:52:47.967,0,1
52,comment,article,24,七七,2020-12-06 09:52:54.809,0,1
53,thumbsUp,article,29,,2021-01-11 23:52:32.820588,1,1
54,thumbsUp,article,28,,2021-01-18 11:21:46.813683,0,1